{"mean":{"confidence_interval":{"confidence_level":0.95,"lower_bound":904.9562442627634,"upper_bound":917.9938609588112},"point_estimate":911.0808439484306,"standard_error":3.3370453188466955},"median":{"confidence_interval":{"confidence_level":0.95,"lower_bound":898.2926157769664,"upper_bound":908.3492975734355},"point_estimate":901.6119127785794,"standard_error":2.7777605045830653},"median_abs_dev":{"confidence_interval":{"confidence_level":0.95,"lower_bound":12.356222319199668,"upper_bound":21.85011207272167},"point_estimate":15.88408039829638,"standard_error":2.6848105903658643},"slope":{"confidence_interval":{"confidence_level":0.95,"lower_bound":908.0129491952673,"upper_bound":925.4525002428065},"point_estimate":916.0198088216782,"standard_error":4.46872616963542},"std_dev":{"confidence_interval":{"confidence_level":0.95,"lower_bound":21.996453634209622,"upper_bound":43.93872345601647},"point_estimate":33.498561635138884,"standard_error":5.641235491703092}}