{"mean":{"confidence_interval":{"confidence_level":0.95,"lower_bound":34.998238652904966,"upper_bound":35.79355873708456},"point_estimate":35.369757533054184,"standard_error":0.20261995684682815},"median":{"confidence_interval":{"confidence_level":0.95,"lower_bound":34.475996132908556,"upper_bound":34.776247234315896},"point_estimate":34.576943929341596,"standard_error":0.07736478783656303},"median_abs_dev":{"confidence_interval":{"confidence_level":0.95,"lower_bound":0.3621388189598101,"upper_bound":0.7142467229928552},"point_estimate":0.5538918651433513,"standard_error":0.08899905329134433},"slope":{"confidence_interval":{"confidence_level":0.95,"lower_bound":35.10136472024557,"upper_bound":36.10413365867878},"point_estimate":35.56914511120519,"standard_error":0.25660554924492374},"std_dev":{"confidence_interval":{"confidence_level":0.95,"lower_bound":1.4046447968617484,"upper_bound":2.6797349172125244},"point_estimate":2.038635785220297,"standard_error":0.33475790843385955}}