{"mean":{"confidence_interval":{"confidence_level":0.95,"lower_bound":16420684.23125,"upper_bound":16797767.06875},"point_estimate":16605010.25,"standard_error":95806.4001531422},"median":{"confidence_interval":{"confidence_level":0.95,"lower_bound":16270975.0,"upper_bound":16663900.0},"point_estimate":16494837.5,"standard_error":100635.42165071217},"median_abs_dev":{"confidence_interval":{"confidence_level":0.95,"lower_bound":615112.1965795755,"upper_bound":1154373.6518807702},"point_estimate":931665.8234596252,"standard_error":138829.24787174456},"slope":null,"std_dev":{"confidence_interval":{"confidence_level":0.95,"lower_bound":798717.5535421188,"upper_bound":1104407.6671317066},"point_estimate":962611.5586411179,"standard_error":77993.20722061372}}